id,taxid,superkingdom,phylum,class,order,family,genus,species
A0A256IR61,1483400,Archaea,Euryarchaeota,Halobacteria,Haloferacales,Halorubraceae,Halorubrum,Halorubrum sp. E3
A0A133VJZ2,1698281,Archaea,Euryarchaeota,,,,,candidate division MSBL1 archaeon SCGC-AAA382C18
A0A087RPD8,1502294,Archaea,Thaumarchaeota,,,,,Marine Group I thaumarchaeote SCGC AAA799-O18
E6P9G3,311458,Archaea,Thaumarchaeota,,,,Candidatus Caldarchaeum,Caldiarchaeum subterraneum
U1P757,1325472,Archaea,Euryarchaeota,Halobacteria,Halobacteriales,,,halophilic archaeon J07HX5
A0A1H6BUA9,699433,Archaea,Euryarchaeota,Halobacteria,Haloferacales,Haloferacaceae,Halobellus,Halobellus limi
A0A218ZVI5,1961136,Archaea,Candidatus Thermoplasmatota,Thermoplasmata,Thermoplasmatales,,,Thermoplasmatales archaeon B_DKE
A0A484IDE2,1798806,Archaea,Thaumarchaeota,Nitrososphaeria,Nitrososphaerales,Nitrososphaeraceae,Candidatus Nitrosocosmicus,Candidatus Nitrosocosmicus franklandus
A0A498G1H5,2282131,Archaea,Euryarchaeota,Halobacteria,Haloferacales,Haloferacaceae,Halobellus,Halobellus sp. Atlit-38R
A0A1D2WAR2,1860100,Archaea,Euryarchaeota,Methanobacteria,Methanobacteriales,Methanobacteriaceae,Methanobacterium,Methanobacterium sp. A39
Q18JW9,362976,Archaea,Euryarchaeota,Halobacteria,Haloferacales,Haloferacaceae,Haloquadratum,Haloquadratum walsbyi
A0A256H5X9,1383850,Archaea,Euryarchaeota,Halobacteria,Haloferacales,Halorubraceae,Halorubrum,Halorubrum sp. Ib24
L0KTQ9,867904,Archaea,Euryarchaeota,Methanomicrobia,Methanosarcinales,Methanosarcinaceae,Methanomethylovorans,Methanomethylovorans hollandica
A0A518SDE5,2599399,Archaea,Euryarchaeota,Halobacteria,Halobacteriales,Halobacteriaceae,Salarchaeum,Salarchaeum sp. JOR-1
A0A483CRV4,2052832,Archaea,Euryarchaeota,Methanomicrobia,Methanomicrobiales,Methanomicrobiaceae,Methanofollis,Methanofollis fontis
A0A3A6PT46,2216978,Archaea,Euryarchaeota,Halobacteria,Haloferacales,Halorubraceae,Halonotius,Halonotius aquaticus
U1P8K7,1070774,Archaea,Euryarchaeota,Halobacteria,Haloferacales,Halorubraceae,Halonotius,Halonotius sp. J07HN4
A0A0F7PC37,1604004,Archaea,Euryarchaeota,Halobacteria,Halobacteriales,Halobacteriaceae,Halanaeroarchaeum,Halanaeroarchaeum sulfurireducens
F8D481,797210,Archaea,Euryarchaeota,Halobacteria,Natrialbales,Natrialbaceae,Halopiger,Halopiger xanaduensis
V4YEZ2,1412874,Archaea,,,,,,uncultured archaeon A07HR60
A4YG15,399549,Archaea,Crenarchaeota,Thermoprotei,Sulfolobales,Sulfolobaceae,Metallosphaera,Metallosphaera sedula
A0A328SAJ7,1945577,Archaea,Euryarchaeota,Methanobacteria,Methanobacteriales,Methanobacteriaceae,Methanosphaera,Methanosphaera sp. rholeuAM270
A0A6A9THD2,2668072,Archaea,Euryarchaeota,Halobacteria,Haloferacales,Halorubraceae,Halorubrum,Halorubrum sp. CBA1125
A0A7D4Y5J1,1853690,Archaea,Euryarchaeota,Halobacteria,Haloferacales,Halorubraceae,Halolamina,Halolamina sp. CBA1230
A0A1U7EXX7,348780,Archaea,Euryarchaeota,Halobacteria,Halobacteriales,Haloarculaceae,Natronomonas,Natronomonas pharaonis
A0A1H3HZU9,660517,Archaea,Euryarchaeota,Halobacteria,Haloferacales,Haloferacaceae,Halobellus,Halobellus clavatus
A0A2R4ZQI2,2027460,Archaea,Crenarchaeota,Thermoprotei,Desulfurococcales,Desulfurococcaceae,,Desulfurococcaceae archaeon AG1
A0A031LK26,1160895,Archaea,Crenarchaeota,Thermoprotei,Sulfolobales,Sulfolobaceae,Acidianus,Candidatus Acidianus copahuensis
A0A256KZ40,29283,Archaea,Euryarchaeota,Halobacteria,Haloferacales,Halorubraceae,Halorubrum,Halorubrum distributum
T0N044,667137,Archaea,Candidatus Thermoplasmatota,Thermoplasmata,Thermoplasmatales,,,Thermoplasmatales archaeon E-plasma
S6D415,1033806,Archaea,Euryarchaeota,Halobacteria,Halobacteriales,Haloarculaceae,Halorhabdus,Halorhabdus tiamatea
L9WGV4,1230460,Archaea,Euryarchaeota,Halobacteria,Natrialbales,Natrialbaceae,Natronorubrum,Natronorubrum sulfidifaciens
A6UTN7,419665,Archaea,Euryarchaeota,Methanococci,Methanococcales,Methanococcaceae,Methanococcus,Methanococcus aeolicus
A0A1G9XD13,660521,Archaea,Euryarchaeota,Halobacteria,Haloferacales,Haloferacaceae,Halogranum,Halogranum gelatinilyticum
A0A6G3ZGT5,2283638,Archaea,Euryarchaeota,Halobacteria,Halobacteriales,Halobacteriaceae,Halorussus,Halorussus sp. MSC15.2
A0A087S8W8,1502289,Archaea,Thaumarchaeota,,,,,Marine Group I thaumarchaeote SCGC AAA799-B03
I7JAS3,1201294,Archaea,Euryarchaeota,Methanomicrobia,Methanomicrobiales,Methanomicrobiaceae,Methanoculleus,Methanoculleus bourgensis
M0D368,797114,Archaea,Euryarchaeota,Halobacteria,Halobacteriales,Haloarculaceae,Halosimplex,Halosimplex carlsbadense
A0A1I6K1K4,767519,Archaea,Euryarchaeota,Halobacteria,Halobacteriales,Haloarculaceae,Halomicrobium,Halomicrobium zhouii
U1PZL4,1238426,Archaea,Euryarchaeota,Halobacteria,Haloferacales,Haloferacaceae,Haloquadratum,Haloquadratum sp. J07HQX50
D2EGL6,662760,Archaea,Candidatus Parvarchaeota,,,,Candidatus Parvarchaeum,Parvarchaeum acidiphilum
A0A202E5X3,253108,Archaea,Euryarchaeota,Halobacteria,Natrialbales,Natrialbaceae,Natronolimnobius,Natronolimnobius baerhuensis
D3SYG4,547559,Archaea,Euryarchaeota,Halobacteria,Natrialbales,Natrialbaceae,Natrialba,Natrialba magadii
A0A285MZB6,558529,Archaea,Euryarchaeota,Halobacteria,Halobacteriales,Halobacteriaceae,Natronoarchaeum,Natronoarchaeum philippinense
U1QD79,1238428,Archaea,Euryarchaeota,Halobacteria,Haloferacales,Halorubraceae,Halorubrum,Halorubrum sp. J07HR59
A0A7D5LBG3,2743089,Archaea,Euryarchaeota,Halobacteria,Haloferacales,Halorubraceae,Halobaculum,Halobaculum salinum
A0A2H5V4J0,2035438,Archaea,,,,,,archaeon HR02
R4VTW9,1333523,Archaea,Euryarchaeota,Halobacteria,Natrialbales,Natrialbaceae,Salinarchaeum,Salinarchaeum sp. Harcht-Bsk1
A0A7D5E934,1853682,Archaea,Euryarchaeota,Halobacteria,Halobacteriales,Halobacteriaceae,Halarchaeum,Halarchaeum sp. CBA1220
M0M398,1132509,Archaea,Euryarchaeota,Halobacteria,Halobacteriales,Halococcaceae,Halococcus,Halococcus hamelinensis
A0A1M5NXQ2,43928,Archaea,Euryarchaeota,Halobacteria,Haloferacales,Halorubraceae,Halobaculum,Halobaculum gomorrense
D7DUB2,456320,Archaea,Euryarchaeota,Methanococci,Methanococcales,Methanococcaceae,Methanococcus,Methanococcus voltae
G7WPN2,1110509,Archaea,Euryarchaeota,Methanomicrobia,Methanotrichales,Methanotrichaceae,Methanothrix,Methanothrix harundinacea
A0A2H5VGD4,2035442,Archaea,,,,,,archaeon HR06
A0A3N6LSF1,1679091,Archaea,Euryarchaeota,Halobacteria,Natrialbales,Natrialbaceae,Natrarchaeobius,Natrarchaeobius halalkaliphilus
A0A0P7GZ90,699431,Archaea,Euryarchaeota,Halobacteria,Haloferacales,Halorubraceae,Halolamina,Halolamina pelagica
A0A510DT51,1294262,Archaea,Crenarchaeota,Thermoprotei,Sulfolobales,Sulfolobaceae,Sulfuracidifex,Sulfuracidifex tepidarius
A0A2K5AQM4,2058097,Archaea,Thaumarchaeota,Nitrososphaeria,Candidatus Nitrosocaldales,Candidatus Nitrosocaldaceae,Candidatus Nitrosocaldus,Candidatus Nitrosocaldus cavascurensis
Q12Y45,259564,Archaea,Euryarchaeota,Methanomicrobia,Methanosarcinales,Methanosarcinaceae,Methanococcoides,Methanococcoides burtonii
A0A063ZNU1,1495067,Archaea,Euryarchaeota,Halobacteria,Natrialbales,Natrialbaceae,Halostagnicola,Halostagnicola sp. A56
A0A133UI11,1698265,Archaea,Euryarchaeota,,,,,candidate division MSBL1 archaeon SCGC-AAA259E22
A0A2U9ID11,41673,Archaea,Crenarchaeota,Thermoprotei,Sulfolobales,Sulfolobaceae,Acidianus,Acidianus brierleyi
Q8PUJ0,192952,Archaea,Euryarchaeota,Methanomicrobia,Methanosarcinales,Methanosarcinaceae,Methanosarcina,Methanosarcina mazei
V6ATA4,1407055,Archaea,Thaumarchaeota,,,,Candidatus Nitrosotenuis,Candidatus Nitrosotenuis uzonensis
W9DQY4,1090322,Archaea,Euryarchaeota,Methanomicrobia,Methanosarcinales,Methanosarcinaceae,Methanolobus,Methanolobus tindarius
G0QGW1,889948,Archaea,Euryarchaeota,Nanohaloarchaea,,,Candidatus Nanosalina,Nanosalina sp. (strain J07AB43)
A0A554NF63,2234134,Archaea,Euryarchaeota,Halobacteria,Halobacteriales,Haloarculaceae,Haloglomus,Haloglomus irregulare
A0A1G9TT25,996166,Archaea,Euryarchaeota,Halobacteria,Halobacteriales,Halobacteriaceae,Haloarchaeobius,Haloarchaeobius iranensis
A0A1H6K6N8,1267564,Archaea,Euryarchaeota,Halobacteria,Haloferacales,Halorubraceae,Halopenitus,Halopenitus malekzadehii
A0A087S4H6,1502290,Archaea,Thaumarchaeota,,,,,Marine Group I thaumarchaeote SCGC AAA799-D07
A0A087S3N0,1502295,Archaea,Thaumarchaeota,,,,,Marine Group I thaumarchaeote SCGC AAA799-P11
A0A498H3G1,1550565,Archaea,Euryarchaeota,Methanomicrobia,Methanomicrobiales,Methanomicrobiaceae,Methanoculleus,Methanoculleus taiwanensis
A0A1Q6DUF9,1903181,Archaea,Euryarchaeota,Methanonatronarchaeia,Methanonatronarchaeales,Methanonatronarchaeaceae,Candidatus Methanohalarchaeum,Candidatus Methanohalarchaeum thermophilum
L0I9H1,797302,Archaea,Euryarchaeota,Halobacteria,Natrialbales,Natrialbaceae,Halovivax,Halovivax ruber
L0HC28,593750,Archaea,Euryarchaeota,Methanomicrobia,Methanomicrobiales,Methanoregulaceae,Methanoregula,Methanoregula formicica
A0A6A9TCG3,2668068,Archaea,Euryarchaeota,Halobacteria,Halobacteriales,Haloarculaceae,Halapricum,Halapricum sp. CBA1109
A0A0X8XY03,83986,Archaea,Euryarchaeota,Methanomicrobia,Methanomicrobiales,Methanomicrobiaceae,Methanoculleus,Methanoculleus bourgensis
A0A133U6S6,1698261,Archaea,Euryarchaeota,,,,,candidate division MSBL1 archaeon SCGC-AAA259D14
A0A4D6HH17,1457250,Archaea,Euryarchaeota,Halobacteria,Halobacteriales,Haloarculaceae,Halapricum,Halapricum salinum
A0A166TFG1,1679489,Archaea,Euryarchaeota,Halobacteria,Halobacteriales,Halobacteriaceae,Haladaptatus,Haladaptatus sp. R4
A0RYI8,414004,Archaea,Thaumarchaeota,,Cenarchaeales,Cenarchaeaceae,Cenarchaeum,Cenarchaeum symbiosum
A0A0P8YRN2,1527301,Archaea,Thaumarchaeota,,Nitrosopumilales,Nitrosopumilaceae,Nitrosopumilus,Nitrosopumilus sp. PRT-SC01
A0A4U5JNL9,2217661,Archaea,Euryarchaeota,Halobacteria,Halobacteriales,Haloarculaceae,Natronomonas,Natronomonas salsuginis
D7E936,644295,Archaea,Euryarchaeota,Methanomicrobia,Methanosarcinales,Methanosarcinaceae,Methanohalobium,Methanohalobium evestigatum
Q6LYJ4,267377,Archaea,Euryarchaeota,Methanococci,Methanococcales,Methanococcaceae,Methanococcus,Methanococcus maripaludis
A0A133UNX5,1698268,Archaea,Euryarchaeota,,,,,candidate division MSBL1 archaeon SCGC-AAA259I14
G0QDD1,889962,Archaea,Euryarchaeota,Nanohaloarchaea,,,Candidatus Nanosalinarum,Nanosalinarum sp. (strain J07AB56)
A0A1N6ZWN6,553468,Archaea,Euryarchaeota,Halobacteria,Halobacteriales,Halobacteriaceae,Haladaptatus,Haladaptatus litoreus
K0IIG6,1237085,Archaea,Thaumarchaeota,Nitrososphaeria,Nitrososphaerales,Nitrososphaeraceae,Nitrososphaera,Candidatus Nitrososphaera gargensis
D1Z2J1,304371,Archaea,Euryarchaeota,Methanomicrobia,Methanocellales,Methanocellaceae,Methanocella,Methanocella paludicola
A0A2Z2HPV1,745377,Archaea,Euryarchaeota,Halobacteria,Natrialbales,Natrialbaceae,Natrarchaeobaculum,Natrarchaeobaculum aegyptiacum
H1Z2V9,937775,Archaea,Euryarchaeota,Methanomicrobia,Methanomicrobiales,Methanomicrobiaceae,Methanoplanus,Methanoplanus limicola
U1R0V4,1085029,Archaea,Euryarchaeota,Halobacteria,Halobacteriales,,,halophilic archaeon J07HB67
C7NY85,485914,Archaea,Euryarchaeota,Halobacteria,Halobacteriales,Haloarculaceae,Halomicrobium,Halomicrobium mukohataei
A0A484F7G1,91560,Archaea,Euryarchaeota,Methanomicrobia,Methanosarcinales,Methanosarcinaceae,Methanimicrococcus,Methanimicrococcus blatticola
D8J4Z1,795797,Archaea,Euryarchaeota,Halobacteria,Halobacteriales,Halobacteriaceae,Halalkalicoccus,Halalkalicoccus jeotgali
P58300,186497,Archaea,Euryarchaeota,Thermococci,Thermococcales,Thermococcaceae,Pyrococcus,Pyrococcus furiosus
T0N6H9,261391,Archaea,Candidatus Thermoplasmatota,Thermoplasmata,Thermoplasmatales,,,Thermoplasmatales archaeon Gpl
W0K2U4,751944,Archaea,Euryarchaeota,Halobacteria,Halobacteriales,Halobacteriaceae,Halobacterium,Halobacterium sp. DL1
L9XJ01,1227499,Archaea,Euryarchaeota,Halobacteria,Natrialbales,Natrialbaceae,Natronolimnohabitans,Natronolimnohabitans innermongolicus
M0FS74,1227481,Archaea,Euryarchaeota,Halobacteria,Haloferacales,Halorubraceae,Halorubrum,Halorubrum hochstenium
A0A1N6Y295,588898,Archaea,Euryarchaeota,Halobacteria,Natrialbales,Natrialbaceae,Haloterrigena,Haloterrigena daqingensis
Q0W707,351160,Archaea,Euryarchaeota,Methanomicrobia,Methanocellales,Methanocellaceae,Methanocella,Methanocella arvoryzae
M1XRA7,268739,Archaea,Euryarchaeota,Halobacteria,Halobacteriales,Haloarculaceae,Natronomonas,Natronomonas moolapensis
A0A650A2T9,1380432,Archaea,Euryarchaeota,Halobacteria,Halobacteriales,Haloarculaceae,Halorhabdus,Halorhabdus sp. CBA1104
A0A4E0R001,2052935,Archaea,Euryarchaeota,Methanomicrobia,Methanosarcinales,Methanosarcinaceae,Methanolobus,Methanolobus halotolerans
L0JXD5,694430,Archaea,Euryarchaeota,Halobacteria,Natrialbales,Natrialbaceae,Natronococcus,Natronococcus occultus
F7XLC5,679901,Archaea,Euryarchaeota,Methanomicrobia,Methanosarcinales,Methanosarcinaceae,Methanosalsum,Methanosalsum zhilinae
L0JMS3,797303,Archaea,Euryarchaeota,Halobacteria,Natrialbales,Natrialbaceae,Natrinema,Natrinema pellirubrum
D3E258,634498,Archaea,Euryarchaeota,Methanobacteria,Methanobacteriales,Methanobacteriaceae,Methanobrevibacter,Methanobrevibacter ruminantium
A0A133UJB2,1698267,Archaea,Euryarchaeota,,,,,candidate division MSBL1 archaeon SCGC-AAA259I09
A0A1I0NKQ5,1202768,Archaea,Euryarchaeota,Halobacteria,Natrialbales,Natrialbaceae,Halopiger,Halopiger salifodinae
A0A0U5H7H1,1407499,Archaea,Euryarchaeota,Halobacteria,Halobacteriales,Halobacteriaceae,Halobacterium,Halobacterium hubeiense
A7I6T2,456442,Archaea,Euryarchaeota,Methanomicrobia,Methanomicrobiales,Methanoregulaceae,Methanoregula,Methanoregula boonei
Q9YFE7,272557,Archaea,Crenarchaeota,Thermoprotei,Desulfurococcales,Desulfurococcaceae,Aeropyrum,Aeropyrum pernix
A0A0W1R8G2,1514971,Archaea,Euryarchaeota,Halobacteria,Haloferacales,Haloferacaceae,Haloprofundus,Haloprofundus marisrubri
A0A0A7V1P3,1410606,Archaea,Thaumarchaeota,,,,Candidatus Nitrosopelagicus,Candidatus Nitrosopelagicus brevis
A0A060HCS4,926571,Archaea,Thaumarchaeota,Nitrososphaeria,Nitrososphaerales,Nitrososphaeraceae,Nitrososphaera,Nitrososphaera viennensis
E4NUX5,469382,Archaea,Euryarchaeota,Halobacteria,Haloferacales,Haloferacaceae,Halogeometricum,Halogeometricum borinquense
V4HAH4,1324957,Archaea,Euryarchaeota,Halobacteria,Haloferacales,Halorubraceae,Candidatus Halobonum,Candidatus Halobonum tyrrellensis
U2YUB7,1261545,Archaea,Euryarchaeota,Halobacteria,Halobacteriales,Halobacteriaceae,Halarchaeum,Halarchaeum acidiphilum
L0AGH8,797304,Archaea,Euryarchaeota,Halobacteria,Natrialbales,Natrialbaceae,Natronobacterium,Natronobacterium gregoryi
V4X6M4,1412871,Archaea,,,,,,uncultured archaeon A07HR67
Q8TR27,188937,Archaea,Euryarchaeota,Methanomicrobia,Methanosarcinales,Methanosarcinaceae,Methanosarcina,Methanosarcina acetivorans
A0A6G8T844,2716717,Archaea,Euryarchaeota,Halobacteria,Halobacteriales,Haloarculaceae,Haloarcula,Haloarcula sp. JP-L23
A0A4S3TI96,2419781,Archaea,Euryarchaeota,Halobacteria,Natrialbales,Natrialbaceae,Salinadaptatus,Salinadaptatus halalkaliphilus
A0A2H5UX91,2035437,Archaea,,,,,,archaeon HR01
A0A2H1EIH4,1499975,Archaea,Thaumarchaeota,,,,Candidatus Nitrosotalea,Candidatus Nitrosotalea sinensis
A0A365T9R1,29295,Archaea,Euryarchaeota,Halobacteria,Halobacteriales,,,halophilic archaeon
S2EQB6,859192,Archaea,Thaumarchaeota,,Nitrosopumilales,Nitrosopumilaceae,Nitrosarchaeum,Candidatus Nitrosarchaeum limnium
A0A256ICR5,1383851,Archaea,Euryarchaeota,Halobacteria,Haloferacales,Halorubraceae,Halorubrum,Halorubrum halodurans
A0A2R4X4J1,1679096,Archaea,Euryarchaeota,Halobacteria,Halobacteriales,Haloarculaceae,Halococcoides,Halococcoides cellulosivorans
A0A062V754,1392998,Archaea,Euryarchaeota,Methanomicrobia,Methanosarcinales,Candidatus Methanoperedenaceae,Candidatus Methanoperedens,Candidatus Methanoperedens nitroreducens
A0A1F2P8P4,1838285,Archaea,Euryarchaeota,Methanomicrobia,Methanosarcinales,,Candidatus Syntrophoarchaeum,Candidatus Syntrophoarchaeum caldarius
A0A6N0NR30,2594798,Archaea,Euryarchaeota,Nanohaloarchaea,,,,Nanohaloarchaea archaeon
A0A6A7LLJ8,2169593,Archaea,Thaumarchaeota,Nitrososphaeria,Nitrososphaerales,Nitrososphaeraceae,,Nitrososphaeraceae archaeon
W0JPI3,797299,Archaea,Euryarchaeota,Halobacteria,Natrialbales,Natrialbaceae,Halostagnicola,Halostagnicola larsenii
A0A2V3JRR7,2056317,Archaea,Euryarchaeota,Methanomicrobia,Methanosarcinales,,,ANME-2 cluster archaeon
A0A238X1Z0,63740,Archaea,Euryarchaeota,Halobacteria,Haloferacales,Halorubraceae,Halorubrum,Halorubrum vacuolatum
Q9HI42,273075,Archaea,Candidatus Thermoplasmatota,Thermoplasmata,Thermoplasmatales,Thermoplasmataceae,Thermoplasma,Thermoplasma acidophilum
A0A1I0PX58,355548,Archaea,Euryarchaeota,Halobacteria,Halobacteriales,Halobacteriaceae,Halobacterium,Halobacterium jilantaiense
H2C7J2,671065,Archaea,Crenarchaeota,Thermoprotei,Sulfolobales,Sulfolobaceae,Metallosphaera,Metallosphaera yellowstonensis
A0A557SV84,2035267,Archaea,Thaumarchaeota,Nitrososphaeria,Nitrososphaerales,Nitrososphaeraceae,Candidatus Nitrosocosmicus,Candidatus Nitrosocosmicus arcticus
A0A4U7F1R3,1419722,Archaea,Euryarchaeota,Halobacteria,Haloferacales,Halorubraceae,Halorubrum,Halorubrum sp. SD626R
D5EB89,547558,Archaea,Euryarchaeota,Methanomicrobia,Methanosarcinales,Methanosarcinaceae,Methanohalophilus,Methanohalophilus mahii
E1QU99,572478,Archaea,Crenarchaeota,Thermoprotei,Thermoproteales,Thermoproteaceae,Vulcanisaeta,Vulcanisaeta distributa
A0A6G2HGB6,2690782,Archaea,Euryarchaeota,Halobacteria,Haloferacales,Halorubraceae,Halorubrum,Halorubrum sp. JWXQ-INN 858
T0NA09,667135,Archaea,Candidatus Thermoplasmatota,Thermoplasmata,Thermoplasmatales,,,Thermoplasmatales archaeon A-plasma
M0LQR4,1227454,Archaea,Euryarchaeota,Halobacteria,Natrialbales,Natrialbaceae,Halobiforma,Halobiforma nitratireducens
M0ML40,1227455,Archaea,Euryarchaeota,Halobacteria,Halobacteriales,Halococcaceae,Halococcus,Halococcus saccharolyticus
A0A133UBL5,1698259,Archaea,Euryarchaeota,,,,,candidate division MSBL1 archaeon SCGC-AAA259A05
A0A3N6LVB3,1679083,Archaea,Euryarchaeota,Halobacteria,Natrialbales,Natrialbaceae,Natrarchaeobius,Natrarchaeobius chitinivorans
V6DTL0,1173487,Archaea,Euryarchaeota,Halobacteria,Haloferacales,Halorubraceae,Halorubrum,Halorubrum sp. AJ67
V4Y4D7,1412872,Archaea,,,,,,uncultured archaeon A07HB70
M0ANC0,29540,Archaea,Euryarchaeota,Halobacteria,Natrialbales,Natrialbaceae,Natrialba,Natrialba asiatica
A0A1D3L3W7,118062,Archaea,Euryarchaeota,Methanobacteria,Methanobacteriales,Methanobacteriaceae,Methanobacterium,Methanobacterium congolense
A0A202DF22,1932700,Archaea,,,,,,archaeon D22
A0A1H3W954,555874,Archaea,Euryarchaeota,Halobacteria,Haloferacales,Haloferacaceae,Haloplanus,Haloplanus vescus
A0A6B0SH77,2692200,Archaea,Euryarchaeota,Halobacteria,Halobacteriales,Halobacteriaceae,Halobacterium,Halobacterium bonnevillei
D2S171,543526,Archaea,Euryarchaeota,Halobacteria,Natrialbales,Natrialbaceae,Haloterrigena,Haloterrigena turkmenica
T0LPU6,667138,Archaea,Candidatus Thermoplasmatota,Thermoplasmata,Thermoplasmatales,,,Thermoplasmatales archaeon I-plasma
F4BSY8,990316,Archaea,Euryarchaeota,Methanomicrobia,Methanotrichales,Methanotrichaceae,Methanothrix,Methanothrix soehngenii
O29372,224325,Archaea,Euryarchaeota,Archaeoglobi,Archaeoglobales,Archaeoglobaceae,Archaeoglobus,Archaeoglobus fulgidus
A0A6A8FIJ6,2026768,Archaea,Thaumarchaeota,,Nitrosopumilales,,,Nitrosopumilales archaeon
A0A1H6RR74,1073996,Archaea,Euryarchaeota,Halobacteria,Haloferacales,Halorubraceae,Halohasta,Halohasta litchfieldiae
H0A9S8,1072681,Archaea,Euryarchaeota,Nanohaloarchaea,,,,Haloredivivus sp. (strain G17)
Q9HPH3,64091,Archaea,Euryarchaeota,Halobacteria,Halobacteriales,Halobacteriaceae,Halobacterium,Halobacterium salinarum
N0BLP5,387631,Archaea,Euryarchaeota,Archaeoglobi,Archaeoglobales,Archaeoglobaceae,Archaeoglobus,Archaeoglobus sulfaticallidus
D4GV83,309800,Archaea,Euryarchaeota,Halobacteria,Haloferacales,Haloferacaceae,Haloferax,Haloferax volcanii
M0DAN0,1227487,Archaea,Euryarchaeota,Halobacteria,Haloferacales,Haloferacaceae,Halogeometricum,Halogeometricum pallidum
A0A550D1W2,2200886,Archaea,Crenarchaeota,Thermoprotei,Sulfolobales,Sulfolobaceae,Sulfolobus,Sulfolobus sp. F3
L9ZWV8,1227494,Archaea,Euryarchaeota,Halobacteria,Natrialbales,Natrialbaceae,Natrinema,Natrinema altunense
A0A6B0T8K6,2692199,Archaea,Euryarchaeota,Halobacteria,Halobacteriales,Halobacteriaceae,Halovenus,Halovenus carboxidivorans
A2SQ97,410358,Archaea,Euryarchaeota,Methanomicrobia,Methanomicrobiales,Methanocorpusculaceae,Methanocorpusculum,Methanocorpusculum labreanum
F9VPF0,273063,Archaea,Crenarchaeota,Thermoprotei,Sulfolobales,Sulfolobaceae,Sulfurisphaera,Sulfurisphaera tokodaii
A0A1Q1FJ21,1932360,Archaea,Euryarchaeota,Halobacteria,Halobacteriales,Haloarculaceae,Halorientalis,Halorientalis sp. IM1011
M7TCT0,1242866,Archaea,Candidatus Thermoplasmatota,Thermoplasmata,Thermoplasmatales,,,Thermoplasmatales archaeon SCGC AB-540-F20
A0A2V2N399,668570,Archaea,Euryarchaeota,Methanomicrobia,Methanomicrobiales,Methanospirillaceae,Methanospirillum,Methanospirillum lacunae
A0A7D5GV23,1699371,Archaea,Euryarchaeota,Halobacteria,Natrialbales,Natrialbaceae,Haloterrigena,Haloterrigena sp. YPL8
A0A346PNP8,2044521,Archaea,Euryarchaeota,Halobacteria,Natrialbales,Natrialbaceae,Natrarchaeobaculum,Natrarchaeobaculum sulfurireducens
L0A7H0,1056495,Archaea,Crenarchaeota,Thermoprotei,Acidilobales,Caldisphaeraceae,Caldisphaera,Caldisphaera lagunensis
A0A343TGG1,2055893,Archaea,Euryarchaeota,Halobacteria,Haloferacales,Halorubraceae,Halalkaliarchaeum,Halalkaliarchaeum desulfuricum
A0A0F8AV42,2248,Archaea,Euryarchaeota,Halobacteria,Haloferacales,Halorubraceae,Halorubrum,Halorubrum saccharovorum
A0A7D5K814,2743090,Archaea,Euryarchaeota,Halobacteria,Haloferacales,Halorubraceae,Halobaculum,Halobaculum halophilum
A8M988,397948,Archaea,Crenarchaeota,Thermoprotei,Thermoproteales,Thermoproteaceae,Caldivirga,Caldivirga maquilingensis
A0A3P3RLJ0,671145,Archaea,Euryarchaeota,Halobacteria,Halobacteriales,Halobacteriaceae,Halomarina,Halomarina oriensis
A0A6A9SKW4,2668070,Archaea,Euryarchaeota,Halobacteria,Halobacteriales,Haloarculaceae,Natronomonas,Natronomonas sp. CBA1123
U1QQP4,1085028,Archaea,Euryarchaeota,Halobacteria,Halobacteriales,,,halophilic archaeon J07HX64
A0A0F7IFE1,113653,Archaea,Euryarchaeota,Archaeoglobi,Archaeoglobales,Archaeoglobaceae,Geoglobus,Geoglobus ahangari
M0LS65,358396,Archaea,Euryarchaeota,Halobacteria,Natrialbales,Natrialbaceae,Halobiforma,Halobiforma lacisalsi
G2MJ69,756883,Archaea,Euryarchaeota,Halobacteria,Haloferacales,,,halophilic archaeon DL31
F0T834,877455,Archaea,Euryarchaeota,Methanobacteria,Methanobacteriales,Methanobacteriaceae,Methanobacterium,Methanobacterium lacus (strain AL-21)
A0A1H1FJ86,1236180,Archaea,Euryarchaeota,Halobacteria,Haloferacales,Haloferacaceae,Halopelagius,Halopelagius longus
M0MVC2,931277,Archaea,Euryarchaeota,Halobacteria,Halobacteriales,Halococcaceae,Halococcus,Halococcus morrhuae
F2KR97,693661,Archaea,Euryarchaeota,Archaeoglobi,Archaeoglobales,Archaeoglobaceae,Archaeoglobus,Archaeoglobus veneficus
A0A348B4U8,1670455,Archaea,Crenarchaeota,Thermoprotei,Sulfolobales,Sulfolobaceae,Sulfodiicoccus,Sulfodiicoccus acidiphilus
A0A2I8VGV6,755307,Archaea,Euryarchaeota,Halobacteria,Haloferacales,Halorubraceae,Salinigranum,Salinigranum rubrum
A0A5B2Z9E3,2563600,Archaea,Thaumarchaeota,Nitrososphaeria,Nitrososphaerales,Nitrososphaeraceae,Candidatus Nitrosocosmicus,Candidatus Nitrosocosmicus sp. SS
A0A2H5VBP9,2035441,Archaea,,,,,,archaeon HR05
A0A2R6T8Q3,2137776,Archaea,,,,,,archaeon SCG-AAA382B04
M0CPZ0,1230457,Archaea,Euryarchaeota,Halobacteria,Natrialbales,Natrialbaceae,Haloterrigena,Haloterrigena limicola
Q5JGF9,69014,Archaea,Euryarchaeota,Thermococci,Thermococcales,Thermococcaceae,Thermococcus,Thermococcus kodakarensis
A0A218NNX3,1920749,Archaea,Candidatus Micrarchaeota,,,,Candidatus Mancarchaeum,Candidatus Mancarchaeum acidiphilum
V4YDK4,1412873,Archaea,,,,,,uncultured archaeon A07HN63
Q5V2Z9,272569,Archaea,Euryarchaeota,Halobacteria,Halobacteriales,Haloarculaceae,Haloarcula,Haloarcula marismortui
A9A5W7,436308,Archaea,Thaumarchaeota,,Nitrosopumilales,Nitrosopumilaceae,Nitrosopumilus,Nitrosopumilus maritimus
A0A1G8THR4,890420,Archaea,Euryarchaeota,Halobacteria,Halobacteriales,Halobacteriaceae,Halovenus,Halovenus aranensis
B8GHL4,521011,Archaea,Euryarchaeota,Methanomicrobia,Methanomicrobiales,Methanoregulaceae,Methanosphaerula,Methanosphaerula palustris
